DMS_id,chain,status,len_wt,len_pdb,offset,first_resnum,last_resnum,n_mut_rows
4D5_HER2_fitness_1N8Z,A,EXACT,214,214,0.0,1,214,2076
4D5_HER2_fitness_1N8Z,B,EXACT,220,220,0.0,1,220,2079
4D5_HER2_fitness_1N8Z,C,MISMATCH,607,581,,1,607,0
5A12_Ang2_fitness_4ZFG,H,MISMATCH,219,215,,1,212,839
5A12_Ang2_fitness_4ZFG,L,EXACT,213,213,0.0,1,212,147
5A12_Ang2_fitness_4ZFG,A,EXACT,220,220,0.0,278,497,0
5A12_VEGF_fitness_4ZFF,H,MISMATCH,219,211,,1,212,29752
5A12_VEGF_fitness_4ZFF,L,EXACT,213,213,0.0,1,212,24680
5A12_VEGF_fitness_4ZFF,C,EXACT,96,96,0.0,13,108,0
Z-domain_ZpA963_HL1_fitness_2M5A,A,EXACT,58,58,0.0,1,58,2790
Z-domain_ZpA963_HL1_fitness_2M5A,B,EXACT,58,58,0.0,101,158,2812
Z-domain_ZpA963_HL2_fitness_2M5A,A,EXACT,58,58,0.0,1,58,489
Z-domain_ZpA963_HL2_fitness_2M5A,B,EXACT,58,58,0.0,101,158,441
Z-domain_ZSPA-1_LL1_fitness_1LP1,B,EXACT,54,54,0.0,4,57,45321
Z-domain_ZSPA-1_LL1_fitness_1LP1,A,EXACT,55,55,0.0,4,58,45440
Z-domain_ZSPA-1_LL2_fitness_1LP1,B,EXACT,54,54,0.0,4,57,5363
Z-domain_ZSPA-1_LL2_fitness_1LP1,A,EXACT,55,55,0.0,4,58,5576
CXCR4_CXCL12_enrich_8U4O,R,EXACT,295,295,0.0,24,318,5584
CXCR4_CXCL12_enrich_8U4O,J,EXACT,65,65,0.0,1,65,0
hYAP65_peptide_FunctioncalScore_1JMQ,A,EXACT,46,46,0.0,5,50,18406
hYAP65_peptide_FunctioncalScore_1JMQ,P,EXACT,10,10,0.0,51,60,0
GB1_IgG-Fc_fitness_1FCC,A,EXACT,206,206,0.0,238,443,0
GB1_IgG-Fc_fitness_1FCC,C,EXACT,56,56,0.0,1,56,92890
GB1_IgG-Fc_fitness_1FCC_2016,A,EXACT,206,206,0.0,238,443,0
GB1_IgG-Fc_fitness_1FCC_2016,C,EXACT,56,56,0.0,1,56,22175
SARS2-RBD_ACE2_deltaKd_6M0J,A,EXACT,597,597,0.0,19,615,0
SARS2-RBD_ACE2_deltaKd_6M0J,E,EXACT,194,194,0.0,333,526,21871
KRAS_DARPinK27_norfitness_5O2S,A,EXACT,165,165,0.0,1,165,19532
KRAS_DARPinK27_norfitness_5O2S,B,EXACT,156,156,0.0,22,177,0
KRAS_PICK3CG-RBD_norfitness_1HE8,B,EXACT,166,166,0.0,1,166,19202
KRAS_PICK3CG-RBD_norfitness_1HE8,A,MISMATCH,941,749,,144,1084,0
KRAS_RAF1_norfitness_6VJJ,A,EXACT,168,168,0.0,0,167,12676
KRAS_RAF1_norfitness_6VJJ,B,EXACT,77,77,0.0,55,131,0
KRAS_RAF1-RBD_norfitness_6VJJ,A,EXACT,168,168,0.0,0,167,23161
KRAS_RAF1-RBD_norfitness_6VJJ,B,EXACT,77,77,0.0,55,131,0
KRAS_RALGDS-RBD_norfitness_1LFD,B,EXACT,167,167,0.0,201,367,20340
KRAS_RALGDS-RBD_norfitness_1LFD,A,EXACT,87,87,0.0,14,100,0
KRAS_SOS1_norfitness_8BE4,S,MISMATCH,475,440,,570,1044,0
KRAS_SOS1_norfitness_8BE4,R,MISMATCH,168,165,,1,168,19424
BH3_Mcl-1_normed_3KZ0,A,MISMATCH,150,143,,172,321,0
BH3_Mcl-1_normed_3KZ0,C,EXACT,23,23,0.0,1,23,517
BH3_Bcl-xL_normed_1PQ1,A,MISMATCH,196,147,,1,196,0
BH3_Bcl-xL_normed_1PQ1,B,EXACT,33,33,0.0,83,115,517
HLA-A2_TAPBPR_meanscore_5WER,A,MISMATCH,274,265,,2,275,3344
HLA-A2_TAPBPR_meanscore_5WER,C,MISMATCH,370,317,,9,378,0
PSD95_CRIPT_1BE9,A,EXACT,115,115,0.0,301,415,1576
PSD95_CRIPT_1BE9,B,EXACT,5,5,0.0,5,9,0
PSD95_Tm2F_1BE9,A,EXACT,115,115,0.0,301,415,1576
PSD95_Tm2F_1BE9,B,EXACT,5,5,0.0,5,9,0
ACE2_SARS2-RBD_enrich_6M17,B,EXACT,748,748,0.0,21,768,2185
ACE2_SARS2-RBD_enrich_6M17,E,EXACT,183,183,0.0,336,518,0
CD19_FMC63_Fitness_7URV,C,MISMATCH,255,218,,23,277,3885
CD19_FMC63_Fitness_7URV,D,MISMATCH,242,227,,39,280,0
